"","species","temp","injury_level","recov","replicate","TRT","Lactic_acid","Alanine","Valine","Leucine","Phosphoric_acid","Glycerol","Isoleucine","Proline","Glycine","Succinic_acid","Fumaric_acid","Pipecolic_acid","Serine","Threonine","Malic_acid","Methionine","Aspartate","GABA","Glutamate","Phenylalanine","Asparagine","Putrescine","Ornithine","Citric_acid","Fructose","Glucose","Lysine","Tyrosine","Mannitol","Inositol","Sucrose","Trehalose"
"1","MD",20,"C","D",1,"C_D",2.125066751,6.5019678535,2.677995617,1.449102859,24.39393509,0.744006426,1.405888707,6.310856634,3.362427148,2.036222498,0.927202571,0.398812724,3.322367129,2.36681977,4.328117676,1.485030173,1.467954041,1.26721769285714,5.26536709028571,1.583845189,12.70542619,0.899651906,1.004923538,2.634367046,4.939415493,64.5065998,17.90532144,10.31715402,4.54836134942857,1.197647765,0.500919731,13.21968383
"2","MD",20,"C","D",2,"C_D",1.415980675,9.596496451,1.600764388,0.944989474,10.45930131,0.531367262,0.839435964,5.90574789,1.204788432,1.65646062,0.347042821,0.241079115,1.039725628,0.993303919,1.316342555,0.535358032,0.352624093,1.410288603,5.289237389,0.834613193,4.649103674,0.83271373,0.818238735,1.005992479,4.406638479,52.81999457,7.573483152,3.609782149,5.269548311,0.605533844,1.573858739,13.00566925
"3","MD",20,"C","D",3,"C_D",1.288923606,7.337974287,1.846687201,1.116434874,9.495206666,0.433898773,1.465151652,6.703521091,0.864304465,1.163863495,1.323318919,0.458608119,1.404290029,0.882025951,1.9423808,1.009565131,0.911871323,1.460208849,5.430821598,1.492318853,6.990940218,0.681569592,1.558680144,1.625901498,8.016106352,52.2996152,5.908909543,4.039670288,5.267282018,0.805157576,2.558614422,24.61519724
"4","MD",20,"C","D",4,"C_D",2.233898145,7.021998767,1.672233845,0.920510747,10.0478178,0.495119524,1.218806609,5.496963984,0.773141867,0.984373328,1.170583809,0.392320131,1.303122428,0.959090041,2.045493242,0.949410284,0.809684227,1.213895475,4.831759208,1.289336792,5.982960219,0.790921032,1.507668721,1.444402349,6.556493652,44.50560436,6.76092231,3.849612827,6.406133182,0.705386716,1.851134607,24.44912392
"5","MD",20,"C","D",5,"C_D",1.51015650742857,6.5019678535,0.436388289,0.236492946,6.369545669,0.55109799625,0.556335724,1.59259662,0.557334139,0.195954224,0.090182525,0.228481516,0.672223061,0.340990045,0.779268086,0.34527768,0.51400546,1.416094686,3.268679965,0.470349394,2.922851844,0.645336538,2.438794338,0.796271243,3.555920388,49.48625124,8.215487466,6.005012231,3.807144273,2.555052414,1.75334686,21.4931890628571
"6","MD",20,"C","D",6,"C_D",1.622554188,5.079958159,1.309376963,0.539263154,11.6140365,0.55109799625,1.04640574,6.107928627,0.771722874,0.439540269,0.37406249,0.140016904,1.339908751,0.637034111,1.350739934,0.3662561,0.947561026,1.129304998,7.799157647,0.684387563,5.606993088,0.538549082,0.750538978,1.0919641,4.92890776,34.32805597,5.950857154,14.53434685,5.954410013,0.119402782,2.920681941,37.90498113
"7","MD",20,"C","D",7,"C_D",0.543907048,5.534035943,1.060221486,0.485693029,9.895112832,0.55109799625,0.811012679,4.715744927,0.679140069,0.522775516,0.256940382,0.271147904,1.100127479,0.535649275,1.307780668,0.324830671,0.174624489,1.248011001,5.754428667,0.470228057,3.975351306,0.543925043,0.512072359,0.935200317,2.380397962,66.87295857,8.293937082,5.5399198,2.868049351,0.368608035,0.891218766,18.85260652
"8","MD",20,"C","D",8,"C_D",1.340765139,4.441343514,0.983687587,0.505951713,7.533753974,0.55109799625,0.68362239,3.377961123,0.654334138,0.355004824,0.136827814,0.299082682,1.028217307,0.48910326,0.904554632,0.255845495,0.137058645,0.992720238,4.483485158,0.429090472,3.02143897,0.376085915,0.62708085,0.851864264,1.964713432,40.23478955,6.163255357,4.417508645,2.265962298,0.343488018,0.572032807,18.40506155
"9","MD",-5,"L","D",1,"L_D",0.194529818,20.92764983,1.531863692,0.960055096,12.32910314,0.289062873,0.943780017,10.59605972,1.591557868,0.656393877,0.448946207,0.258789258,2.588213603,0.7159316,1.483766833,0.896833857,1.511167413,2.332167018,10.49895486,0.819805986,5.791676715,1.101349471,1.424326859,2.262453617,1.279690695,14.81682347,4.91033806,4.114432612,9.68228644,0.541682799,0.481452806,35.97725267
"10","MD",-5,"L","D",2,"L_D",0.546132632,17.52803679,1.17387658,0.95616058,10.92275775,0.139284731,0.838467452,6.694924445,1.303520289,0.467313443,0.464894083,0.2801311,2.054137564,0.913967641,1.418222052,0.820094293,1.236090756,2.43084392,8.540485864,0.776704299,4.004557963,0.720882941,1.335871294,2.089333318,0.822992606,14.82124464,2.955740976,3.566514698,6.109803807,0.671625162,0.464608093,34.74522931
"11","MD",-5,"L","D",3,"L_D",0.909186677,20.02286219,1.892396174,1.587979846,9.906018972,0.433113497,1.358593217,8.626428139,1.742523566,0.911338072,1.060831983,0.390218178,2.366367653,1.223484715,1.555196573,0.739972122,1.521557391,1.979223062,9.030564953,1.325331321,5.831729118,0.804817841,1.657936872,2.011709444,0.94232718,19.87982588,5.517850125,3.960551937,4.449488246,0.649259109,0.581038443,38.87938168
"12","MD",-5,"L","D",4,"L_D",1.319264026,21.11898335,1.362116891,1.216022334,8.627848396,0.317966817,1.081727083,7.655363146,1.399383638,0.892083262,1.272052793,0.486041923,2.257375092,1.213735679,1.586500789,0.916723751,1.799042277,2.025964791,8.158729366,1.358108445,6.776908218,0.902231142,1.832625821,1.762289033,0.839561839,15.19543994,3.680505751,3.457646967,6.428419506,0.772632727,0.691764893,37.98460896
"13","MD",-5,"L","D",5,"L_D",0.211729306,20.15154318,1.360486461,0.946990613,10.83984497,0.2881726976,1.103492492,8.787094741,2.047846165,0.441116003,0.275097264,0.163879233,2.392819182,0.941488586,0.913291981,0.348943247,1.760269874,2.621014705,13.42619086,0.713784384,3.625689147,0.715931329,1.029815989,2.046636026,0.528517424,21.73507844,5.303998099,15.05383174,5.539341896,0.125030196,0.219329229,44.36790011
"14","MD",-5,"L","D",6,"L_D",0.449598848,17.24704705,1.250790666,0.80209431,5.651682983,0.26143557,0.876705518,6.262439188,0.918634084,0.549049973,0.42719314,0.341557899,1.406127885,0.897469021,1.134450269,0.616764264,0.761650861,1.352268606,5.401980171,0.763344402,2.49372168,0.45707753,1.0113718,1.221510816,1.003465378,15.39189332,2.634200441,3.162243972,3.842624352,0.592358424,0.66428288,29.55609523
"15","MD",-5,"L","D",7,"L_D",0.477339279,18.21834453,1.21805902,0.83789386,10.86981922,0.2881726976,0.955529706,8.530398268,1.329989999,0.371609836,0.162539345,0.470645732,2.355120225,0.988388722,0.955035894,0.48113161,1.231638735,2.769237119,12.71247709,0.521473849,3.749365592,0.377090775,1.291740573,1.514150171,0.575831903,23.97868242,3.672960993,6.162508065,7.561008664,0.332974095,0.076538858,35.74294989
"16","MD",-5,"L","D",8,"L_D",0.281444472,17.67601939,1.361685202,0.92487402,10.73155577,0.2881726976,0.980764732,7.532281126,1.277000706,0.324115891,0.165823696,0.511467037,2.414781386,0.993372851,1.030355435,0.411672586,0.971529552,2.388091949,11.0223982,0.539534329,3.883710026,0.323173153,1.060650067,1.307170311,0.501188177,25.74721516,3.134292672,6.66456148,5.230267304,0.388938929,0.092945278,37.6784005
"17","MD",-5,"L","R",1,"L_R",0.35457823,8.361533461,3.498628435,1.347772663,12.78688303,0.293210685,1.902398194,10.85482549,1.687384043,0.992151392,0.445205626,0.27844316,2.302329018,1.4592599,1.769279417,0.732994044,0.467138344,1.951552426,6.735359791,1.194729684,15.72227339,0.633330935,3.891402554,1.078459116,3.352396428,55.23728547,5.87073926,4.7363144,4.211576832,0.671907845,1.69038124,36.88180328
"18","MD",-5,"L","R",2,"L_R",0.534531375,6.009614859,2.412389713,0.810131564,12.46333067,0.313350222,1.180567834,9.527355195,1.407468912,0.615399627,0.328428038,0.217240892,1.577290275,0.903990846,1.287225281,0.790524349,0.270262916,1.883858537,4.924625103,0.745353214,12.80874394,0.445629219,3.009386686,0.745552865,1.296454008,35.37952583,6.124135986,3.526205166,3.915703427,0.574445112,0.728735894,31.04917089
"19","MD",-5,"L","R",3,"L_R",0.324207489,6.31216851,2.240635891,0.753683133,9.383749181,0.354978459,1.22020632,6.315776885,1.38531043,0.962059541,0.981581305,0.320044404,1.582839386,0.892830351,1.830136913,0.856300949,0.620487584,1.670739875,4.605888018,1.097415806,8.085831864,0.417837555,3.069166239,1.023112277,2.650799647,52.70851907,3.63922532,2.387773576,5.181360449,0.626113828,1.146281463,32.0880977
"20","MD",-5,"L","R",4,"L_R",0.209363909,7.286949233,2.698979731,1.250367571,9.79312876,0.546785607,1.505854003,9.995353007,1.719864776,1.120397258,0.974618092,0.366891974,1.885235087,1.301833093,1.372361807,0.91540966,0.634737406,1.553386523,4.494452005,1.243191724,10.45035457,0.00840865,3.642561506,1.061768901,3.044474387,58.09616631,6.674136307,3.310048243,4.559652836,0.733136204,1.429764056,36.25141047
"21","MD",-5,"L","R",5,"L_R",0.79444388,6.569358852,1.568200473,0.645458974,15.73757248,0.3387907882,1.155784032,8.428445679,0.790239459,0.769672854,0.231061857,0.203151496,1.583284227,0.660900347,1.819399697,0.437492405,0.481269132,1.499807442,5.311934351,0.448996028,5.804795719,0.000766456,1.667040745,0.671477466,0.447622272,46.02394204,2.415377509,2.53001176,1.560873087,0.100826121,0.281320232,13.81458068
"22","MD",-5,"L","R",6,"L_R",0.25530273,3.700704544,3.143229166,0.558973513,6.174340057,0.185628968,1.504004617,7.30497315,0.686668587,0.328548007,0.282271693,0.208605602,1.189423425,1.06734951,0.869560007,0.537127781,1.035349496,1.121341521,3.963768499,0.781689569,10.62440575,0.49913953,2.160312309,0.704259248,2.361414239,46.018684215,3.099744553,2.672566543,3.550102155,0.465318511,0.986691664,28.55134202
"23","MD",-5,"L","R",7,"L_R",1.368847081,6.767628583,4.439400523,1.035772524,12.5931221,0.3387907882,1.909988126,12.72610848,1.48190619,0.507424642,0.304386078,0.386605098,2.69047708,1.845242761,1.121059504,0.362217437,1.166244541,2.134433185,9.977840484,1.1071948,13.85148698,0.398878202,2.616442865,1.348995678,3.615814334,28.66666657,4.74588781,12.09512494,7.072442577,0.537737265,2.472237596,63.79177516
"24","MD",-5,"L","R",8,"L_R",0.203295772,5.907197901,1.463634864,0.525379248,8.999261584,0.3387907882,0.74136418,6.158477335,1.3727921,0.456945389,0.161931861,0.362165082,1.422485181,0.489882422,0.906045969,0.277028463,0.178281877,1.774830302,5.073518594,0.389059896,6.843354851,0.298554722,1.757229869,0.418352632,1.021209193,46.018684215,3.086444619,2.744219468,3.259651216,0.560383312,0.315690935,29.06163577
"25","MD",-5,"H","D",1,"H_D",0.253423482,32.45236632,2.01217524,1.446171859,14.0909091,1.604635507,1.05666703,6.036111402,3.492976808,1.180435672,0.501164872,0.23815104,2.619187697,1.484586047,2.150178918,0.706006127,0.501928248,3.608047063,12.20980822,1.256233869,5.473526398,0.891379877,1.7404541,2.800941482,0.495629501,56.86419172,8.970273917,9.908313754,1.793719272,0.535293786,0.376341712,10.42130946
"26","MD",-5,"H","D",2,"H_D",0.641960477,28.35922385,1.591389297,1.260230244,14.34337111,2.205399157,0.99311484,6.341050238,2.835328493,0.627390666,0.573920379,0.36132649,2.370618777,1.225505718,1.849468568,1.109888138,0.569073478,2.797529784,10.26405847,1.127989183,4.414341547,0.687200603,1.498253447,1.843233103,0.532853036,43.85971969,4.886076053,5.587118305,1.692018839,0.841045428,0.59205328,10.17227885
"27","MD",-5,"H","D",3,"H_D",0.561030238,28.22209476,1.525811897,1.326723005,10.65428351,2.096311955,1.017372672,5.819018025,3.065081862,1.240148943,1.382910978,0.525450579,2.423909532,1.195541086,1.995364622,1.039641939,0.975031231,2.659136459,9.714301474,1.441130815,6.979732075,1.100053859,2.12595978,2.480877998,0.677007649,47.83828669,8.797931747,3.56169121,2.972835186,0.835212496,0.73623469,7.718943234
"28","MD",-5,"H","D",4,"H_D",1.804470434,32.95954387,1.507784629,1.377411462,11.916737,1.793008862,1.216656372,5.488809918,2.687074986,1.108098025,1.434750851,0.504971999,2.291009423,1.27445683,2.209289802,1.347233243,1.050780079,2.668311569,9.309972792,1.5362942,6.831427279,0.713324908,1.932964661,2.111648615,0.636851189,50.43764178,5.209981466,3.929966803,2.710953528,0.896255981,0.753687928,12.49608774
"29","MD",-5,"H","D",5,"H_D",0.310820881,36.19077584,1.356695888,1.224542265,15.93264586,1.56815425983333,1.169171123,7.552096219,2.360195047,0.701545576,0.373830415,0.329693506,3.159359918,1.437061569,1.772946941,0.857604864,0.562119996,3.016844966,16.04785651,0.925197638,4.044928188,0.449149759,1.391847897,2.186217757,0.308644742,50.39003427,6.327717963,16.79507757,3.90508389,0.136407189,0.43312324,7.667697152
"30","MD",-5,"H","D",6,"H_D",0.555048646285714,27.2814104,1.166021405,0.937732869,6.698741202,1.250571723,0.689014535,5.161381364,2.059527252,0.542545197,0.483148397,0.355153684,1.653191888,1.052709931,1.332585192,0.897525582,0.460520992,1.961062411,7.057731712,0.84879266,2.70353242,0.683119296,1.146758562,1.252437248,0.404912599,37.76857388,4.034947863,4.209684045,1.462850427,0.652561689,0.575832299,5.343910895
"31","MD",-5,"H","D",7,"H_D",0.164930815,21.47892264,1.372660999,0.982884023,10.39007996,0.458998355,0.928159837,5.890439042,2.052910874,0.37129003,0.149569643,0.525075618,2.08020899,0.890806164,1.067611867,0.775547768,0.175648563,2.120754258,10.44466268,0.612429286,2.472876235,0.127573413,1.161663435,1.124056598,0.623018558,57.50991661,4.389398815,8.413699031,3.854496967,0.416742135,0.162950462,14.20005938
"32","MD",-5,"H","D",8,"H_D",0.148704197,25.68834095,1.114424229,1.002109125,11.33606461,1.56815425983333,0.707877265,5.334709722,3.214008634,0.408686473,0.204082377,0.530070226,2.368495309,1.176313637,1.154783896,0.537757483,0.165637254,3.34861641,11.0958005,0.62235615,2.771881861,0.762172134,1.531226313,1.09961613,0.347318825,73.166049,8.068404333,8.163948255,1.444169066,0.460031078,0.074260771,6.186153981
"33","MD",-5,"H","R",1,"H_R",0.713589338,4.687376183,0.660367983,0.708602192,21.26669019,0.411657211,0.537364043,10.98822064,0.960282691,1.575051798,0.571597308,0.287447232,1.597022906,0.570268727,1.928521622,0.7032654,0.448015905,1.885715586,6.905212905,0.790849164,17.72654396,1.845724809,1.079721185,1.731902344,0.263028384,65.64743621,4.904261893,3.989753543,0.151514873,0.819089802,1.18042567528571,17.05228097
"34","MD",-5,"H","R",2,"H_R",0.460756335,4.747902732,1.922480625,0.757555247,11.78557199,0.105023686,1.183176459,9.170812322,1.194982263,0.537255029,0.386653518,0.308550812,1.64025489,0.652703246,1.17561725,0.75429597,0.600636395,1.754216092,5.179548586,0.953374684,11.03765893,0.593686045,1.229814175,1.01311295,1.794625173,26.66404923,4.732488805,2.736130588,4.836471988,0.605502094,1.357348807,35.91307345
"35","MD",-5,"H","R",3,"H_R",0.950753873,3.907508824,1.531600477,0.744005325,15.06081325,0.408669095,1.082717772,11.06460957,1.200339231,1.017839461,1.075406477,0.421310676,1.767697406,0.702637719,2.248485515,0.864698396,1.231958948,2.242082056,4.67059839,1.258171783,11.07935828,0.468730103,1.385880083,2.578583657,1.536935148,20.96223635,5.916743677,2.642175408,5.629427869,0.794261549,0.905243589,49.26652927
"36","MD",-5,"H","R",4,"H_R",0.519847668,4.233281925,2.633674309,0.827977454,9.666547258,0.275657813,1.485526314,9.881975134,1.174488791,0.669731096,1.007988913,0.427477856,1.612739253,0.953090814,1.384853515,1.001222967,1.105834289,1.479513943,4.166099698,1.348734488,9.748278571,0.561604351,1.785670894,1.176314241,2.295294028,20.98347912,5.251728911,2.872334848,7.124682269,0.698827692,0.912013975,51.60658597
"37","MD",-5,"H","R",5,"H_R",0.56521641,3.538322021,1.509364777,0.651173704,6.979319292,0.157017054,0.979059169,8.389803458,0.909646768,0.414625275,0.421652717,0.380167705,1.355075074,0.66862902,1.072868508,0.741571717,0.759169215,1.498267312,3.105873502,0.826963397,9.824119195,0.427853169,1.088933807,0.953491041,1.475188941,12.04030653,3.327040643,2.21098507,4.168551059,0.660078084,1.047142017,44.72176513
"38","MD",-5,"H","R",6,"H_R",0.296141594,1.143457484,1.279956804,0.333943535,16.15324143,0.2716049718,1.071870574,4.559698558,1.106167505,0.270243731,0.229571185,0.218644853,1.224801612,0.560978401,1.026874719,0.603932536,1.143395746,2.260111759,6.083807311,1.116950217,14.5140061,0.86903006,1.517309319,0.951579149,3.286136446,23.03668289,9.545352054,9.388841531,11.15950005,1.160424929,2.22826027,65.9005089
"39","MD",-5,"H","R",7,"H_R",0.172981575,3.50330766,1.193051875,0.59231537,17.05263332,0.2716049718,0.783728446,7.407039025,0.843023977,0.435584774,0.104847314,0.391497212,1.508484723,0.625742621,0.815985804,0.454620762,0.539497942,3.047594728,6.366655576,0.609928028,7.93891906,0.343715368,0.864274675,1.59359437,0.862266399,27.76626351,6.368412997,4.868615295,1.334387918,0.687909406,0.942793992,31.69271877
"40","MD",-5,"H","R",8,"H_R",0.421494558,4.407185356,2.101264582,0.520471353,16.35676525,0.2716049718,1.195639895,10.62092254,1.347173666,0.405135509,0.278326096,0.173171788,2.333015261,0.748081932,0.853209083,0.603575536,1.285382698,1.682608047,7.404891304,0.711089526,12.82367557,0.622004709,1.358498414,1.45052811,1.388080712,21.71888114,5.774724733,8.272428367,7.079793263,0.165456427,0.870177077,89.50741731
"41","MD",-5,"F","D",1,"F_D",0.225747305,12.64047848,1.500951937,1.042538253,13.04532809,0.298437832,0.799000214,6.610348364,0.87386048,1.465447747,0.641042535,0.349398525,1.324754633,1.173815773,2.286740567,0.96813937,0.461881924,2.025287375,6.820295076,1.009724412,6.065746911,0.524339864,1.020973622,1.570601337,2.267386604,67.68532106,4.647330407,4.851035165,4.555806591,0.903520448,0.763564274,24.43548196
"42","MD",-5,"F","D",2,"F_D",0.454672232,9.802272279,1.132422356,0.863256756,10.04215724,0.278895072,0.655060164,4.577490233,0.782181728,0.751393349,0.470156388,0.282762387,1.220435619,0.732404739,1.34010359,0.805480381,0.344210505,1.804427539,5.978339056,0.807355313,5.487546783,0.616208954,0.840302142,1.154775319,1.717119686,47.48416687,3.868222735,3.182661874,4.284801929,0.789635228,0.712382251,26.14618199
"43","MD",-5,"F","D",3,"F_D",1.110213453,9.196685031,1.776734001,1.21903709,9.204490207,0.637967634,1.065159109,4.169394051,0.997296392,1.473204314,1.700294926,0.592421529,1.59487104,1.353687815,2.420093185,1.213893315,1.053881265,1.996309319,5.134127745,1.588087616,8.167950433,0.484405073,1.719789758,1.669140764,2.670462954,55.20313014,4.501190207,3.329288938,5.914136406,1.339604326,1.230967753,33.30361245
"44","MD",-5,"F","D",4,"F_D",0.803863206,10.38152975,1.370397159,0.941715336,8.756334684,0.710417022,0.907318539,5.008785477,1.066995206,1.656454127,1.427170648,0.480522002,1.433843565,1.046009782,2.24936092,0.907579573,0.848815003,2.161510689,5.281576369,1.311926875,7.040791712,0.553522933,1.368434721,1.552955391,1.617237888,64.13195283,4.063087952,3.051753583,4.119657984,0.994675676,0.894312051,29.49377399
"45","MD",-5,"F","D",5,"F_D",1.331884344,9.290016386,1.031371293,0.707674686,7.606350858,0.370223261,0.647793532,4.24324204,0.759404562,0.784294613,0.57109709,0.375107414,1.007881188,0.729240223,1.686917831,0.810835408,0.451227467,1.380213721,4.100482376,0.748918273,2.786645752,0.578182721,0.898484354,1.105688864,1.730543633,44.23922894,3.713141897,2.353492351,3.44676012,0.737370132,0.6821291,22.06162054
"46","MD",-5,"F","D",6,"F_D",0.293899999,9.412803825,1.457762466,1.00886723,11.41176701,0.4591881642,1.07825162,5.564152055,1.477079569,0.893097745,0.475869788,0.721503104,1.467458677,1.593893074,1.904409581,0.596823906,0.318116428,2.771563797,6.76984465,0.576722192,4.068795721,1.86268653,1.370142348,1.100049792,2.034250312,72.92700726,5.259757616,4.556094337,5.04417011,1.377903327,0.364456079,19.45659969
"47","MD",-5,"F","D",7,"F_D",1.054737953,8.076980782,0.96473979,0.587172007,10.45326173,0.4591881642,0.675100572,4.91087213,0.867743938,0.69023197,0.27264026,0.505273071,1.239876258,0.640648285,1.565199766,0.408512938,0.157287497,2.19733179,6.194014529,0.316765484,3.080048491,0.273044525,0.63537132,1.346676097,1.777874783,76.31267181,4.925450465,4.050705761,5.335826487,0.596802892,0.292187944,22.57925171
"48","MD",-5,"F","D",8,"F_D",0.265811264,2.038895097,0.605896146,0.288670446,14.54570721,0.4591881642,0.538167523,2.42167123,1.071284537,1.375618342,0.586581568,0.472426861714286,0.760264958,0.538964422,1.99489032,0.358767916,0.413682796,2.640417772,6.356992053,0.575738213,4.323262792,0.561600852,0.601573744,1.219300232,1.342677137,61.1404969871429,3.852519062,8.31442002,4.487602113,0.370545001,0.443919032,24.96002765
"49","MD",-5,"F","R",1,"F_R",0.740763715,7.115271739,3.275594717,1.193915059,11.511244,0.244974814,1.762244076,5.743539899,1.027303612,1.291955712,0.468471017,0.24338475,1.315608246,2.164629643,2.02503495,0.609717014,0.317035181,1.303640278,5.259944841,1.272655316,6.920409413,0.522329536,0.947937968,1.101416337,1.572685935,46.39466141,5.394002708,5.573719349,3.880564505,0.628529558,0.779615096,24.68374598
"50","MD",-5,"F","R",2,"F_R",0.260978349,7.282528979,2.557340221,0.961039524,10.31318476,0.206984779,1.341600084,5.349926753,0.802771094,1.088768792,0.556653081,0.239521599,1.097433395,1.651117816,2.291757347,0.743110178,0.333355312,1.517564097,4.889923337,1.039250268,6.019682896,0.395916151,0.524720071,0.919456226,1.191545404,36.93222457,3.180737606,3.498528425,2.853421458,0.624096857,0.521365118,22.29663427
"51","MD",-5,"F","R",3,"F_R",0.99955244,7.755863784,3.405252929,1.416762653,8.151723537,0.549490397,2.12730629,4.813718777,1.263564118,1.544397247,1.534074647,0.543513423,1.519650784,2.370476941,2.189100736,1.165376441,0.945477172,1.685717333,4.614527791,1.851654166,7.97121501,0.406230182,1.54155893,1.417149389,1.58643446,77.64603815,4.000781525,4.821823203,2.97362386,0.917346279,1.326594593,27.1969215
"52","MD",-5,"F","R",4,"F_R",1.040293276,7.863081586,2.741535971,1.175491724,9.861398199,0.558879567,1.674076659,5.202717717,1.084820591,1.255389444,1.024935554,0.345391679,1.176149786,2.06151191,1.642264518,0.943248937,0.620086644,1.260159878,4.357574806,1.380564894,5.584820588,0.514761053,0.918468818,1.138927504,2.250660358,74.39746728,4.580889659,3.830874432,2.669566081,0.691131714,0.972832861,24.79950348
"53","MD",-5,"F","R",5,"F_R",1.51130358,7.944990887,2.183230127,1.006533585,7.939888709,0.358040418,1.212624982,5.167260695,0.890321343,0.991933415,0.480239306,0.341815085,1.054775427,2.095225758,1.313651589,0.77636188,0.352922304,0.942092397,3.757723629,0.956098702,3.037130915,0.344448357,0.723749949,0.919788777,1.836305966,63.40155708,2.211832304,4.45130581,2.313975759,0.646813253,1.007505538,22.30757745
"54","MD",-5,"F","R",6,"F_R",0.415134925,5.862510073,2.083467296,0.951613392,12.39549389,0.383673995,1.250001147,4.399831318,1.304015867,0.745165377,0.258035322,0.362389694,1.212040611,1.834572927,1.059081339,0.471946965,0.145341815,1.400150012,5.824516184,0.96047059,2.92038033,0.581464366,0.725550607,0.709187605,1.605932303,91.14339269,5.35442063,8.316266092,1.532050262,0.485129012,0.594514133,23.89841565
"55","MD",-5,"F","R",7,"F_R",0.296797091,5.263368604,1.846373353,0.680199715,10.14946632,0.383673995,1.125610074,3.093540813,0.881737531,0.575135966,0.277439806,0.329284655,1.023684511,1.061272301,1.264204332,0.312893889,0.128213544,1.428202023,4.68230632,0.601070798,2.6661802,0.252170756,0.628286466,0.640233111,1.636864614,86.79161089,3.703205436,4.683021192,1.532122804,0.363366919,0.375792782,23.04173855
"56","MD",-5,"F","R",8,"F_R",0.164216046,5.377530063,1.7747293,0.76168564,9.676765014,0.383673995,1.22767153,3.512350445,1.271736383,0.715089973,0.276847162,0.16792121,1.168079264,1.313277187,1.128180659,0.417723136,0.204276465,1.729153005,5.073326172,0.806919784,3.788615662,0.234576718,0.550691457,0.715040333,1.923858904,92.50891795,5.274153408,12.40244188,2.566188567,0.262356956,0.635898724,21.60934616
"57","SA",20,"C","D",1,"C_D",0.328689225,3.051435335,1.822111515,0.682982077,13.45459248,0.248349701,0.810893441,2.979058627,0.93642824,0.586173884,0.349526596,0.185507365,0.930068763,0.988180471,1.564258629,0.375581575,1.445305491,1.43193318,5.254694017,0.5986751,4.986261545,0.022014009,0.348591051,1.300882117,3.046370602,19.97515099,3.021299884,5.788658692,3.631233049,0.636196663,1.136094625,33.45739326
"58","SA",20,"C","D",2,"C_D",0.371301591,2.88421953,1.611825381,0.715396468,10.94586844,0.139526856,0.864810575,2.916910573,0.548331169,0.425746867,0.456307637,0.286413641,0.886364141,0.956227321,1.582900655,0.662917705,1.223470127,1.48846332,5.0469014,0.613649219,3.269721487,0.009296702,0.424627384,1.256519962,2.965883592,18.63876516,2.222824091,3.927986941,2.19830582,0.710240117,0.578650465,34.20640366
"59","SA",20,"C","D",3,"C_D",0.638694426,2.845430066,1.155484043,0.675235937,9.270470994,0.348336861,0.691553415,3.328151303,0.754121301,0.79275331,0.862268122,0.277450555,0.892548748,0.993396122,1.9308175,0.599201208,1.364345846,1.351678572,4.277630916,0.809342432,4.33682695,0.112411936,0.744281316,1.14589526,2.900558814,20.80460812,2.44309251,2.823245182,1.641014302,0.736854314,0.652094398,37.24730745
"60","SA",20,"C","D",4,"C_D",0.975343275,3.050709748,1.418530141,0.625313523,11.12642377,0.466035661,0.685640584,2.934721833,0.795140813,0.450007427,0.363326128,0.245197957,0.814109362,1.008522229,1.60881307,0.572096943,0.991414909,1.210431573,4.064738408,0.498148231,2.608318565,0.149637244,0.551830636,0.900563365,5.920536572,14.80126803,3.06863036,3.688681637,1.831206678,0.662690431,1.37357121,34.76115049
"61","SA",20,"C","D",5,"C_D",0.2354794,2.806730855,1.120539444,0.511989382,7.872359549,0.216373365,0.611265383,2.242706177,0.671303899,0.330260595,0.330002211,0.220297308,0.708713421,0.922748502,1.073525189,0.536430079,0.877749465,1.093994936,3.451008868,0.503786363,3.156084623,0.085581433,0.456331128,0.773726165,3.107797026,15.80230227,2.596616527,3.228210871,1.371650099,0.553302143,0.55254706,30.54380526
"62","SA",20,"C","D",6,"C_D",0.286927763,2.470325804,1.578307385,0.792228278,14.73821624,0.2837244888,0.753437802,2.928436569,1.251609489,0.411663206,0.374281324,0.246365156,1.039543323,1.143750557,2.018617425,0.397198475,1.617895218,2.298287486,7.786973801,0.500126382,2.969633994,0.115199471,0.415674732,1.176027291,5.058721125,26.91845128,3.883280378,8.681106338,2.654821892,1.126120747,1.120172866,51.48188186
"63","SA",20,"C","D",7,"C_D",0.268574846,2.457396473,1.139063553,0.554573248,14.9179665,0.2837244888,0.57052169,2.560556965,0.727399466,0.269939367,0.286402572,0.322147587,0.931414553,0.869143457,1.357692754,0.349121339,1.435160317,1.867389161,6.759688178,0.299110992,1.855481496,0.0823567991666667,0.202624706,1.263832595,1.460540087,22.28849896,2.883850605,7.576963272,2.482146587,0.842359519,0.30142789,48.19591399
"64","SA",20,"C","D",8,"C_D",0.121455701,2.887599029,1.294348115,0.460508927,16.16752009,0.2837244888,0.74280593,2.97141643,1.172628574,0.383689222,0.399583627,0.15439236,1.002083651,1.05331534,1.812617734,0.375477142,0.943603002,1.674738938,6.255423279,0.435984931,3.444175171,0.0823567991666667,0.219779732,1.057033396,1.606824214,77.15192384,2.935124598,13.55908354,3.444587667,0.569481782,0.311205786,52.30596178
"65","SA",-5,"L","D",1,"L_D",0.603322943,9.619644936,1.417159235,0.640273238,12.31679888,0.456501405,0.705966428,4.368123289,1.345536672,0.403610306,0.418700632,0.18027024,1.243629668,0.898232384,1.737959567,0.586490122,0.978745372,1.774490925,6.765461707,0.504270514,3.719606958,0.172768403,0.451635872,1.073397761,0.93888102,28.00095931,5.282613922,3.773942871,2.334631852,0.691581129,0.381441864,22.64277581
"66","SA",-5,"L","D",2,"L_D",0.8944763,11.761223,1.522409894,0.971391891,14.93022647,0.671050746,0.930401892,4.62451518,1.893805186,0.813921119,1.149998124,0.406826851,1.535006075,1.194884394,2.650669568,1.072437015,1.220387469,1.871286524,7.928071072,1.0640576,4.976444623,0.394519256,1.070791763,1.759088738,2.753400726,38.93303574,5.597927579,3.61100663,3.649385872,0.90904797,1.028922305,29.69933692
"67","SA",-5,"L","D",3,"L_D",1.242990632,9.84279337,1.410808185,0.861029256,12.32937478,0.683902606,0.859454867,4.002474346,1.722848645,0.840236298,1.000629481,0.351332661,1.371198265,1.223269068,2.230237891,0.798158326,0.846111777,1.598156004,5.312656129,1.038077705,4.721223636,0.112790104,0.93784767,1.142729154,1.76417569,46.81437425,2.947113094,3.336947238,2.91402551,0.753514836,0.770855627,22.30651714
"68","SA",-5,"L","D",4,"L_D",0.641109471,9.838927328,1.472472811,0.701939472,8.561218208,0.464072243,0.794895148,3.594944474,1.150364865,0.385166154,0.384240219,0.281027217,1.016098274,0.938974565,1.288903536,0.666009881,0.558904803,1.266089635,4.506853314,0.558908279,1.785255911,0.142409163,0.483858582,0.794664079,1.925747203,26.22542821,2.985920636,2.822208009,2.805858376,0.570102047,0.463148766,22.44582232
"69","SA",-5,"L","D",5,"L_D",1.062417522,12.73350404,1.262981995,0.798115521,9.707886663,0.511779589,0.788229739,4.024835514,1.378834972,0.509198755,0.476217219,0.318603255,1.234735151,1.01744988,1.750239683,0.712178127,0.667822828,1.502616554,5.644031831,0.730445583,2.55479128,0.229114351,0.668412351,1.142049963,1.090138342,33.08591293,3.365189463,4.127838567,2.034079298,0.853390829,0.523812998,19.44345229
"70","SA",-5,"L","D",6,"L_D",0.426242843,11.72605823,1.852867532,0.82967601,14.92704719,0.5574613178,1.014361498,5.0071503,2.176884101,0.473562627,0.311228299,0.40252028,1.668325381,1.249638569,2.202776499,0.252097286,0.760128379,2.582517854,10.61641996,0.4221815,3.74390583,0.130657315,0.384548325,1.330450635,2.430939239,47.62895928,8.3510437,8.501640556,5.182391188,0.927578291,0.283132197,24.57084463
"71","SA",-5,"L","D",7,"L_D",0.268346618,11.27553003,1.52400705,0.713895433,14.27573347,0.5574613178,0.878915183,3.779408021,1.956094837,0.236897651,0.246668485,0.347622879,1.659362859,1.600445478,1.611461632,0.420890924,0.795697846,2.528669665,10.79642697,0.484308221,2.702293246,0.014364881,0.443998869,1.076454897,1.979325057,63.74839016,3.861751363,9.302063583,3.648717453,1.020802905,0.735845827,24.39235233
"72","SA",-5,"L","D",8,"L_D",0.352639962,9.739057194,1.381747821,0.592155966,13.69213264,0.5574613178,0.80032854,3.926190346,1.670680112,0.396788512,0.466067095,0.171116494,1.407638406,1.262006396,1.603138404,0.477040848,0.638914044,1.872694489,7.959362843,0.519322046,2.563044211,0.037396134,0.252016926,1.058565859,1.099846104,40.6338656971429,2.930114066,14.51355489,4.97601192,1.233273567,0.248093796,19.55843153
"73","SA",-5,"L","R",1,"L_R",0.628533304,4.003383282,3.26414618,0.594324655,16.75433491,0.508805382,1.645174728,5.475939389,1.02995128,0.376029435,0.419785747,0.23285011,1.391380008,1.031510093,1.928643009,0.75526109,0.575295513,1.737258669,6.034463893,0.992874723,9.167593578,0.136507917,0.732190574,1.185064405,2.457683047,33.58996813,4.476839529,3.919666,1.641430893,0.782416589,0.45929068,36.89993453
"74","SA",-5,"L","R",2,"L_R",1.229646193,3.987398578,3.678314091,0.921195776,16.59531338,0.775613848,2.415862183,5.122975308,1.127783428,0.746101635,0.968425302,0.311596008,1.352491078,1.382939315,2.227753644,0.741853948,0.759660638,1.884213641,5.572975055,1.200484636,6.223692059,0.138965754,0.86772884,1.12212567,2.604165714,46.54414915,5.22454652,3.155133424,1.798877573,0.672392489,0.469878326,40.58398148
"75","SA",-5,"L","R",3,"L_R",0.658026431,2.883104743,1.821277438,0.573644325,15.71851478,0.618359021,0.951463905,5.438126485,0.746539361,0.885085185,1.105039712,0.368707271,1.026984451,0.737478494,2.013678344,0.815015162,0.827199988,1.446182006,4.342808295,0.982760872,6.336439467,0.167063933,0.929705371,1.096580943,0.567956485,36.03756463,4.049028364,2.016713797,0.531973001,0.73449448,0.540645146,40.36498208
"76","SA",-5,"L","R",4,"L_R",0.35571056,2.563279153,0.766418073,0.402942771,12.13017498,0.275040251,0.470022995,2.757391336,0.658625301,0.308503497,0.333329018,0.215007405,0.71560786,0.549997274,0.980888671,0.566558397,0.537155349,0.82938914,3.201107516,0.463077615,5.852284539,0.073727093,0.427214671,0.676807543,0.484118423,20.1780079,2.325814686,1.33676996,0.529254773,0.429711016,0.372722595,20.07277828
"77","SA",-5,"L","R",5,"L_R",0.83834934,3.064365467,1.632520645,0.420172802,12.94881532,0.519532569,0.758701261,5.197449303,0.901696236,0.47213371,0.369796788,0.246604459,0.866200934,0.678206327,1.447202793,0.573569342,0.420063146,1.454500588,4.091482522,0.548279013,6.970967024,0.106945864,0.531596477,0.822025706,1.016797317,40.25673899,3.726133265,2.665838037,0.737780876,0.603809577,0.374825617,22.71157897
"78","SA",-5,"L","R",6,"L_R",0.585761777,2.707394531,2.670499708,0.537317471,18.9496606,0.140854299,1.330037622,4.576500912,1.147334089,0.425566709,0.353985333,0.354754768,1.198927899,0.873530135,1.78201456,0.373185856,0.470910266,2.011233989,6.992388904,0.556103276,6.745285838,0.080720236,0.354220164,0.852294061,1.015270597,49.77999104,6.490408623,4.704441258,1.858511785,0.541899935,0.062259521,34.25513603
"79","SA",-5,"L","R",7,"L_R",0.25044437,2.521720433,2.324054333,0.602107582,15.03202514,0.147990102,1.201548447,3.705334553,0.989392201,0.201596017,0.152256038,0.351061285,1.132441118,0.936691907,1.209290494,0.314185529,0.333504899,1.605869823,5.228306395,0.441679504,3.983656593,0.1173217995,0.439256485,0.947125084,0.81630182,38.55383047,4.497716769,4.878475633,1.147068708,0.735053452,0.093186365,31.86211718
"80","SA",-5,"L","R",8,"L_R",0.497128202,1.970622117,1.154230051,0.304296475,23.29084253,0.426599353142857,0.649968394,4.596890867,1.01681977,0.567501471,0.398093693,0.134960458,0.970051137,0.565212741,1.552770674,0.419842292,0.723089832,2.140809417,7.937949639,0.406515824,9.541469582,0.1173217995,0.503451444,1.21152416,0.203433358,73.32704995,7.108589619,7.916320146,3.275756187,0.493362406,0.165547197,39.4146755
"81","SA",-5,"H","D",1,"H_D",1.049770176,18.80695807,1.98875518,1.173668109,15.87018348,0.666722301,1.179229894,4.059708115,2.794036573,0.460821376,0.389971721,0.177310749,2.10749103,1.724189673,1.717776149,1.079744821,1.602611179,2.328009737,9.496727134,1.019967312,5.37316479,0.276404537,0.731556499,1.330478327,1.33164259,27.87228235,5.411306945,7.44904218,4.859077012,0.467482262,0.399090601,10.18652084
"82","SA",-5,"H","D",2,"H_D",0.942117783,20.70466002,2.201699951,1.12898506,13.25249009,0.737013019,1.234441931,4.296107992,2.86327395,0.713475734,0.94558708,0.292193425,1.899993014,1.727992636,1.915847417,0.835449651,1.16779833,2.008341007,10.63589649,1.17351185,4.743026676,0.271678395,0.942105212,1.374428386,1.036053975,30.42458434,5.826331424,5.917395458,4.561293514,0.49445287,0.387601105,7.471560711
"83","SA",-5,"H","D",3,"H_D",1.201510283,22.03218402,2.4320631,1.471913066,12.65491015,0.62267536,1.676219469,4.343438011,2.429305215,0.692263755,1.096979339,0.365369295,1.966829654,1.810116752,1.98448854,1.098104105,1.201593248,2.263808881,8.333155093,1.528111792,5.736231994,0.191672099,1.155562103,1.475351314,0.783468989,27.91419053,5.206586003,5.246024795,4.327097351,0.651228221,0.515216352,7.035803004
"84","SA",-5,"H","D",4,"H_D",1.669969108,24.66823588,2.318019325,1.181407122,12.12255714,0.648533938,1.26646743,3.931154187,2.479699882,0.401922806,0.412573027,0.229768857,1.76888113,1.496173419,1.419623726,0.751304867,0.587142603,1.852822736,8.175905,0.780885736,4.664090691,0.132948035,0.662121381,0.870974993,0.763428999,32.76134523,3.538548642,5.103550934,3.234769879,0.463042512,0.361882057,9.500832481
"85","SA",-5,"H","D",5,"H_D",0.696607159,18.49281126,1.590401399,0.996238436,7.922738901,0.49869912,1.068097076,2.996373276,1.5119996,0.363906807,0.393680872,0.255053463,1.138745722,1.16678163,1.139078215,0.674649123,0.407066266,1.251586294,5.718418877,0.72554827,3.24377469,0.093795797,0.496605376,0.722021205,0.526739735,22.7045498,2.714140286,4.125015075,3.97090536,0.463771761,0.40927203,4.376769169
"86","SA",-5,"H","D",6,"H_D",0.418743084,23.9634684,2.929822072,1.524205971,14.72256726,0.054933043,1.916781388,4.126272223,2.811590479,0.382144847,0.306612168,0.329793553,2.575695039,2.147533575,1.264448468,0.806963489,1.41673086,2.749668217,17.25148523,1.246986924,5.754629326,0.104407119,0.670341993,1.424179075,0.723557114,27.83024246,7.22649468,16.52949643,5.738194621,0.308197996,0.068217057,8.960904785
"87","SA",-5,"H","D",7,"H_D",0.794527163,22.18087518,2.296203167,1.12327416,13.15858996,0.004217517,1.377652327,4.296118957,3.743385433,0.298070678,0.30807849,0.323462763,2.284366887,1.862469533,1.545721516,0.45847988,0.876197963,2.866475704,14.83869024,0.872808411,4.208939194,0.063231346,0.584568139,1.474759181,0.457269028,32.19769841,6.983849357,12.7442202,4.391530969,0.395069317,0.055890605,7.58732403
"88","SA",-5,"H","D",8,"H_D",0.37945544,30.08111584,2.87239295,1.554298057,18.0918799,0.461827756857143,2.06338839,5.069399863,3.866341304,0.464999029,0.486847475,0.1715881,2.908504985,2.207036534,1.76325833,0.944147955,1.772272526,3.144402647,19.80835314,1.36208277,6.987906442,0.220041386,0.945566522,2.03230664,0.789360902,43.05525086,10.54106363,33.60981072,4.033992094,0.180698537,0.189729877,9.415525936
"89","SA",-5,"H","R",1,"H_R",0.48254996,3.737497241,2.112428407,0.49344069,20.20744781,0.386803862,1.012126466,3.302411289,1.408164687,0.333839455,0.399493384,0.222912263,1.754988625,0.959455479,1.399978412,0.935236663,0.60221765,1.819467198,5.837580684,0.94694063,14.47843929,0.128874657,0.548616931,0.911319278,1.603124152,35.4514267,5.496248537,4.19910229,0.571088095,0.589351358,0.643388242,22.01344477
"90","SA",-5,"H","R",2,"H_R",1.167026329,3.967353939,1.690495061,0.678168036,23.53892076,0.770704001,0.900889628,4.74078763,1.460549038,0.996125714,0.969309374,0.314271624,1.709719467,1.046247633,2.261717499,0.808512664,0.76183088,1.661013832,6.06760135,1.055327855,11.36531977,0.1538817,0.810633551,1.330850478,0.617887416,50.58941919,4.854375519,2.980777651,0.654384551,0.591263524,0.458842465,24.76994823
"91","SA",-5,"H","R",3,"H_R",1.180323147,3.859276286,3.083804763,0.729591345,16.21258422,0.516815019,1.78385704,6.601780084,1.334072799,0.605219657,0.949513987,0.331640324,1.977079484,1.354410939,1.845719603,1.095319531,0.867216759,1.549527247,5.338150685,1.53741844,12.35488693,0.357272438,1.116426835,1.024683173,0.967954763,35.76906751,5.712771333,3.975124069,0.701400652,0.688637396,0.499906963,38.58003457
"92","SA",-5,"H","R",4,"H_R",1.286042,2.718492644,0.685712689,0.46215302,15.88859693,0.490152823,0.390117751,4.396442859,0.892927818,0.531765223,0.403277647,0.248285259,0.870565998,0.510119315,1.467319561,0.579749117,0.501522474,1.23071419,4.380458754,0.535539084,7.153286495,0.095560594,0.513000713,0.953285172,0.298717323,47.30929246,4.43882263,2.323987932,0.240074835,0.525979301,0.387477489,25.59339495
"93","SA",-5,"H","R",5,"H_R",0.506563141,3.174861813,1.60197911,0.387453971,14.6540558,0.360422714,0.93555415,3.539021074,0.961691974,0.366694047,0.316962833,0.181521631,1.151816415,0.785509348,1.245802327,0.597976467,0.478325353,1.088288813,4.404417316,0.67587794,10.24419074,0.194957736,0.557446769,0.704530231,0.594804182,30.50231776,4.060722659,2.686701858,0.78257267,0.447994546,0.285977723,22.47773733
"94","SA",-5,"H","R",7,"H_R",1.350078389,3.841933587,0.844383744,0.648667869,21.82846071,0.5049796838,0.533779526,5.909019169,1.288209034,0.355158392,0.056239166,0.548220236,1.451206174,0.772381205,0.687578242,0.638339419,0.892540385,1.649094741,6.270902907,0.475629604,10.67964042,0.03529087,0.711639582,1.532294488,0.219172792,42.04259917,6.9558444,9.692142465,0.543343882,0.437629615,0.055823708,15.84884906
"95","SA",-5,"H","R",8,"H_R",0.71410586,2.771443084,0.955732654,0.455047224,12.452909,0.5049796838,0.542851615,2.92280611,0.794121077,0.095604606,0.054132683,0.365474812,1.062080018,0.579112582,0.662103395,0.299139397,0.241320546,0.995946136,4.229808023,0.366881633,5.993033229,0.160972999166667,0.311551638,0.421597673,0.327435025,29.05726156,4.053525916,5.697469399,0.924146395,0.281811489,0.057584629,14.09976536
"96","SA",-5,"F","D",1,"F_D",0.820968571,7.539150453,1.731140352,0.597623933,15.65195216,0.386177273,0.885052373,3.836584527,0.990200289,0.483185703,0.52221238,0.202218594,1.013734255,1.552919695,2.486398863,0.912131295,0.525843173,2.379379823,6.883799231,0.786087982,5.850723891,0.156961726,0.587229367,1.159497859,1.555424736,58.04692237,6.960624047,6.908605885,1.675297448,0.593842247,0.293852874,25.96839342
"97","SA",-5,"F","D",2,"F_D",1.034917397,8.513244008,1.43271566,0.723160774,12.63837617,0.473419078,0.83142431,3.949247159,1.195914339,0.917798905,1.097074624,0.362458659,1.169156419,1.599472137,2.341752353,0.904100389,0.64989096,2.187362416,5.68302237,1.22448282,5.866983771,0.309361367,0.961354922,1.509277637,2.237745684,77.70945521,6.482364919,5.252276761,2.346480412,0.748670101,0.543348177,27.23890229
"98","SA",-5,"F","D",3,"F_D",0.665727235,7.178277499,1.361990656,0.700856294,9.935920289,0.425440427,0.71182,3.584598896,0.914737292,0.720282877,1.007050013,0.328916763,1.022594852,1.397632443,1.643589457,0.840320831,0.576068666,1.702029182,4.854869184,0.970287336,4.978827445,0.296451715,0.914655608,1.134546599,1.094137749,65.17558438,5.547009012,4.617403998,1.428142696,0.837600999,0.470118905,20.93238884
"99","SA",-5,"F","D",4,"F_D",0.543972824,7.113472286,1.231043938,0.588810505,12.44231007,0.441919644,0.578769273,3.46570533,0.847245911,0.541689474,0.410068271,0.222033638,0.877802424,1.039636403,2.024132511,0.64908435,0.31281539,1.454881992,4.96976029,0.557513041,2.705983832,0.167863731,0.505580661,0.952305466,1.168303414,68.12609457,2.974208318,4.808661413,1.624448545,0.634969438,0.316959369,24.242614
"100","SA",-5,"F","D",5,"F_D",0.938592243,6.71645321,1.334718594,0.554643699,9.798290468,0.372042243,0.75184199,3.146934026,0.655265485,0.573722015,0.437316653,0.282146033,0.829794683,1.012030389,1.783815696,0.639893121,0.337250244,1.486863447,4.064280601,0.725193116,2.830627648,0.129961864,0.506797918,0.808475686,0.69643274,67.14208315,4.130505519,4.996031055,1.492176969,0.584565986,0.39958537,18.17636239
"101","SA",-5,"F","D",6,"F_D",0.274810278,4.779150614,0.88709867,0.442913963,11.12598829,0.419799733,0.514018827,2.986156686,1.04107016,0.268471567,0.165280726,0.295975566,0.923346245,0.831357869,0.829789475,0.370992787,0.22289683,1.856250884,5.627802371,0.336545444,4.811939783,0.122932758,0.311131784,0.639377812,0.425977514,71.98371577,6.543193968,7.411666494,1.04769861,0.459412999,0.033955952,18.40391616
"102","SA",-5,"F","D",7,"F_D",0.304295881,4.374500457,1.196507398,0.471457638,10.78093938,0.419799733,0.809294707,3.072913903,0.890513657,0.237772496,0.288694455,0.297814737,0.909854437,0.914979856,1.180425695,0.338784091,0.362152499,2.370381588,6.387801091,0.36323749,3.233399289,0.157684968,0.462477172,0.845168322,1.305159084,72.76468388,5.426990679,5.563841224,1.493140888,0.520016579,0.123143749,22.08343044
"103","SA",-5,"F","D",8,"F_D",1.028940717,6.248872095,1.424732623,0.365563855,13.35352395,0.419799733,1.028397242,3.236984879,1.08189602,0.360106946,0.339490694,0.20228374,1.15780764,1.298230319,1.481592555,0.528155144,0.402337303,2.838308428,6.269559241,0.678523902,3.679337597,0.191602589857143,0.321940478,0.870259399,1.005294002,101.6727653,8.173134096,18.77861122,2.088037172,0.718829284,0.265044695,22.91058812
"104","SA",-5,"F","R",1,"F_R",0.805670704,3.755484612,1.279176317,0.72160133,21.76316013,0.334762862,0.891015028,3.617840454,0.739732892,0.497669101,0.462166152,0.193202499,1.01608286,0.664440886,1.407166205,0.866856513,1.276110728,1.826336104,6.685766297,0.66899508,6.983076978,0.007647806,0.637104391,1.718302832,0.338917524,29.53873559,4.101856205,2.803830458,0.180219236,0.651308236,0.349995386,35.0269801
"105","SA",-5,"F","R",2,"F_R",0.956167632,3.740714212,3.713718912,0.859352479,13.45252582,0.359576463,2.572990689,2.580954938,0.94056563,0.66387215,0.798517884,0.234001276,1.545914743,1.9939801,1.772741992,0.795697274,1.232738947,2.058239308,5.495419793,1.658746289,7.875984182,0.084708071,0.704464698,1.354071689,1.844073592,29.13500371,4.152994323,4.208434706,2.053367645,0.472015422,0.374627069,31.1795144
"106","SA",-5,"F","R",3,"F_R",1.133778959,3.242611319,2.493197011,0.508239198,11.55358406,0.35790602,1.554686188,3.623698645,0.767162293,0.67587989,0.856433443,0.273760567,1.162770621,1.334177998,2.096743871,0.838683027,1.285559575,2.122126782,5.28884817,1.099496012,6.282173358,0.077432458,0.767177364,1.162210991,1.645661969,26.02910251,2.862336673,3.273009175,2.241821947,0.56604563,0.379909523,36.40026642
"107","SA",-5,"F","R",4,"F_R",1.097458666,3.719728603,3.36147189,0.622856228,11.69338513,0.350506347,2.093234845,3.602739452,0.638305301,0.4790239,0.360363843,0.193261204,1.039641878,1.653109883,1.466582153,0.607686589,1.025453412,1.896078122,5.423189109,1.019883419,5.042847941,0.07371884,0.437247847,0.965006222,1.339066325,35.23764206,1.944398104,5.682875798,1.19903445,0.406331598,0.289581636,36.3380011
"108","SA",-5,"F","R",5,"F_R",0.591004513,2.851711254,0.79494983,0.51375254,11.10508324,0.256639248,0.586823642,3.138204176,0.488326998,0.480617005,0.317460814,0.190810433,0.71644874,0.528784871,1.018392333,0.514977568,0.789848432,1.215691306,4.293446265,0.535672283,3.115177127,0.07860492,0.448721943,0.923177621,0.32922975,24.60024738,2.430136104,2.087831116,0.281111395,0.460224309,0.321706879,29.77693998
"109","SA",-5,"F","R",6,"F_R",0.724352233,1.356243316,1.144468638,0.384531297,17.13864023,0.331878188,0.904248837,1.417031773,0.924707069,0.452282207,0.243360428,0.268931837,0.74277811,0.673494297,1.326601273,0.433547095,1.357179401,1.252672484,7.434162817,0.74849576,6.124081554,0.0512860454285714,0.197242373,1.040491293,0.518643512,39.49512555,1.48054178,7.094219467,0.978176638,0.178919756,0.052608749,37.43286101
"110","SA",-5,"F","R",7,"F_R",0.272184278,2.798686941,2.201084664,0.4537223,13.40852238,0.331878188,1.339156032,2.301581942,0.668819924,0.223932952,0.201554454,0.273777697,1.031927101,1.184104123,1.142224294,0.336237893,0.972820739,2.341755292,6.824968926,0.679102011,3.497886412,0.013935377,0.219041187,0.659757486,1.403327544,46.95573287,2.359728829,8.233577062,1.873386258,0.528077393,0.053086713,37.73400763
"111","SA",-5,"F","R",8,"F_R",0.317161059,3.447517669,2.352959123,0.601861496,14.50867868,0.331878188,1.377529046,3.062188071,0.953342938,0.297346041,0.280444459,0.115927474,1.443297001,1.444236815,1.045947278,0.541702304,1.332287606,2.535050759,7.213530067,1.053418697,8.462041569,0.022954846,0.29313633,0.772053295,1.696315907,53.06233802,6.652091645,20.04001692,1.54604348,0.409390882,0.198823543,47.92711091
"112","RP",20,"C","D",1,"C_D",0.297810667,5.082474215,0.870839082,0.665096383,13.58267477,0.182048611,0.552662726,2.042447875,0.614843564,0.395204757,0.288203718,0.186145906,1.004780767,0.826092491,0.691211575,0.667629068,0.291415046,1.464035102,4.473145183,0.570563157,7.589202302,0.354773358,0.465405081,0.866196949,0.229607178,31.64974934,5.171223554,3.962940956,0.439675852,1.076886204,0.317690228,30.45463267
"113","RP",20,"C","D",2,"C_D",0.53976145,4.702893895,1.302487334,1.015539247,12.92115041,0.335403313,0.993395545,3.278691266,0.932103132,0.883700279,0.863623876,0.314720294,1.284147428,1.061997883,1.117524416,0.635645372,1.009890597,1.146363604,5.262398798,1.036550646,6.659111976,0.595942179,0.859239839,1.13354781,0.575790105,32.20974714,3.846689112,4.130505107,2.953994518,0.876104031,0.478918519,45.07939359
"114","RP",20,"C","D",3,"C_D",0.851055694,4.225270871,1.214240152,0.959121239,11.75375697,0.335170839,0.898197992,2.760941645,0.668651985,0.786032184,0.953940709,0.354722063,1.226954928,1.189564168,1.102872249,0.807376321,1.131935047,1.476477335,4.688803096,1.075200732,7.07682679,0.456919098,1.063958205,1.092671807,0.528101372,27.41422364,5.679903883,4.172868835,1.453281367,1.25827842,0.549734912,38.90368177
"115","RP",20,"C","D",4,"C_D",0.07790841,3.318164004,0.864010677,0.548543625,13.74866586,0.2603164615,0.693363111,2.068150361,0.996095195,0.30709103,0.112911515,0.139579453,1.195271305,1.278045412,0.515786066,0.358191504,0.762643319,1.417851106,5.800285045,0.489252677,5.245108415,0.25925584,0.182625127,0.779126021,0.195423301,43.39154032,4.797603108,17.34347021,0.447586741,0.939203152,0.201518821,52.61290943
"116","RP",20,"C","D",5,"C_D",0.408384775,4.085586749,0.942537389,0.863081677,9.19855697,0.188643083,0.718177589,1.7848761,0.492977394,0.519188718,0.325139844,0.248433697,0.79420888,1.202933339,0.732616,0.467669027,0.673074872,0.932310138,3.898189499,0.64384694,5.40441795,0.45690129,0.540805838,0.737105814,0.359803792,20.69571605,3.008584785,2.950509879,0.9093848,0.667107453,0.466042407,31.41689956
"117","RP",20,"C","D",6,"C_D",0.216842214,2.273968658,0.9771891,0.676532659,13.34355675,0.2603164615,0.66673592,1.705235114,0.667072432,0.437612306,0.102526155,0.230904295,0.798926334,0.888146993,0.46111104,0.159253752,0.963014059,1.201014906,6.150941086,0.407918572,5.43754668,0.305540547,0.231279262,0.779450087,0.225996151,36.80837616,3.31958133,8.702512976,0.736328504,0.505509272,0.069590968,35.56000724
"118","RP",20,"C","D",7,"C_D",0.25140976,3.981782681,1.356686749,0.985698315,15.64436879,0.2603164615,1.027687104,2.546314323,0.528112567,0.410352127,0.094388065,0.38796777,1.26895539,1.010532396,0.674038437,0.188779546,1.55526384,1.410552724,8.268995431,0.579578488,4.659405668,0.451033628,0.260536772,1.137255513,0.356599428,25.42896082,1.836951278,7.050792228,0.411953387,0.965200551,0.175858505,42.03307922
"119","RP",20,"C","D",8,"C_D",0.784272852,3.652725034,0.934116005,0.726696705,16.24815064,0.2603164615,0.700289057,1.941650896,0.794606058,0.354509673,0.208135272,0.136327079,1.225877343,1.206983098,0.651325466,0.483532684,1.325864938,1.747665634,7.040601323,0.562333959,6.113351304,0.386032947,0.296664327,0.974010805,0.484157809,40.94012145,5.222614255,16.65765179,0.755485422,1.023403007,0.210445923,46.5016188
"120","RP",-5,"L","D",1,"L_D",0.66265062,7.45963918,1.241254699,0.995243295,12.94218312,0.304809384,0.762429446,3.737825698,0.961458507,0.563383988,0.298273995,0.200847633,1.633891323,0.844202165,1.037993806,0.445971767,0.375928189,1.507155534,5.48824965,0.670336587,8.494110087,0.433268914,0.521096396,0.844233164,1.000086753,32.92837305,5.494594712,5.242956685,2.438149844,0.928931597,0.318019779,31.34512972
"121","RP",-5,"L","D",2,"L_D",1.105013148,7.275488337,1.810890728,1.34214428,14.59353434,0.554939163,1.102132802,3.815699001,1.537899415,1.226374286,1.030018858,0.422196138,2.219547786,1.309830266,1.358866682,0.815146855,0.766927888,1.300410896,5.611350992,1.226759758,9.867560095,0.670231175,1.208584615,1.177642701,1.237743287,45.15834217,7.739717461,6.222478352,3.821931014,1.379650499,0.571268699,43.96428051
"122","RP",-5,"L","D",3,"L_D",0.910751811,6.571837734,1.404023945,1.025332559,10.51973256,0.402529545,0.740982503,3.339338602,1.173870307,0.680100654,0.756873035,0.290409813,1.679549178,1.028246464,1.032785116,0.681289051,0.495752011,1.039555902,4.438226457,0.95265485,7.476831884,0.569098014,0.937531233,0.968566928,0.856867893,40.77624565,7.310014208,4.890186337,1.578227968,0.912462189,0.419121341,33.65849851
"123","RP",-5,"L","D",4,"L_D",0.407191964,5.301358434,1.298439283,0.954066075,13.80839573,0.39198186525,0.965324097,2.720875476,0.93268842,0.614804717,0.237873728,0.169087346,1.564382125,0.934373265,0.996695134,0.241803205,0.644722987,1.271796383,7.09077697,0.566983594,4.863206027,0.593207853,0.39815911,1.04166569,0.477560863,81.32970939,7.04556044,14.96347888,2.302851491,0.929540188,0.193524008,41.43513638
"124","RP",-5,"L","D",5,"L_D",0.33959452,6.393649559,1.253948955,0.857377396,9.44569057,0.305649369,0.677282491,2.58098783,0.962693456,0.593272704,0.319788363,0.25378696,1.329272617,0.756440538,0.776456586,0.395529249,0.329776807,0.956584224,3.784013894,0.603155111,6.686152616,0.573818744,0.628870502,0.746877421,0.926698779,28.01280547,4.882672016,4.98525236,4.234088394,0.826402285,0.399360999,30.37078075
"125","RP",-5,"L","D",6,"L_D",0.796151974,5.350988532,1.402035409,0.942655105,13.55502957,0.39198186525,0.831217799,2.904456743,1.082309019,0.414562902,0.099005104,0.290662658,1.622806762,0.982949887,0.803906882,0.276968013,0.364658609,1.762714803,7.097836633,0.498576412,6.105713544,0.25530593,0.33451515,0.761523091,0.751656598,49.77950602,5.953609442,8.632804927,2.031538808,0.940997848,0.050315228,38.50565233
"126","RP",-5,"L","D",7,"L_D",0.55310683,6.653254027,1.508140859,0.817408667,12.47447516,0.39198186525,0.915722117,2.743588737,1.271133926,0.296192396,0.020951266,0.357500184,1.620133793,0.936973668,0.593855842,0.297500603,0.284831543,1.504696041,7.379221515,0.570164993,7.1723287,0.450972561,0.477979428,0.741936858,0.881549106,36.84489113,7.306860729,11.5410755,2.901608673,0.784651377,0.065115412,30.06709758
"127","RP",-5,"L","D",8,"L_D",2.16148202,8.728928305,1.867862066,1.052622541,16.68087048,0.39198186525,1.204816284,3.70929524,1.812304567,0.422928215,0.148804769,0.285527291,2.585626599,1.153455315,0.82055578,0.541981612,0.338941105,1.4844963,6.978792928,0.875233928,9.567405161,0.526362535,0.336918973,0.933404302,0.530765314,84.98482635,10.52186564,22.80847763,2.776695256,1.118910485,0.361448506,42.54674716
"128","RP",-5,"L","R",1,"L_R",0.977571779,3.042043114,0.521903191,0.623584498,14.87880582,0.419813697,0.670689112,2.678153458,0.705395978,0.443185544,0.318166158,0.188757911,1.443991299,0.333863309,0.818726684,0.518647348,0.392018382,0.883034248,4.538591316,0.511303863,8.469116713,0.351671902,0.576443291,1.078986859,0.287650024,31.84477661,3.539967606,2.713143802,0.564912237,0.835374814,0.322917938,26.64667431
"129","RP",-5,"L","R",2,"L_R",1.267099997,2.234340039,1.704580915,0.628178327,6.247793293,0.484368123,1.000961137,2.069070666,0.595279585,0.557956155,0.792021756,0.309687215,1.119180346,0.757692441,0.813378843,0.6124141,0.569003613,0.557208452,2.235330016,0.870720275,6.423052759,0.249772735,0.753550594,0.762363046,0.480960835,18.86434278,1.398181699,2.315830995,2.739273238,0.640789401,0.468834061,18.26588165
"130","RP",-5,"L","R",3,"L_R",1.289272041,3.262422455,0.87013742,0.755641899,11.8639419,0.442661032,0.765997694,2.667967238,0.878123032,0.886638065,0.903393319,0.324855881,1.326475187,0.631602985,1.034977324,0.781878121,0.606124319,0.976166247,3.38362709,0.917275541,7.718161299,0.336970028,0.995651616,0.962012298,0.557656874,36.68601835,3.193272949,2.651941935,3.068721935,0.96455229,0.501815981,24.67862799
"131","RP",-5,"L","R",4,"L_R",0.923489391,2.87984727,0.889066416,0.573595428,16.48230451,0.42748900975,0.733133639,2.876246995,1.037367533,0.415732687,0.178075002,0.168007842,1.627264384,0.49123715,0.708558992,0.328989982,0.455113047,1.171100483,5.392033503,0.41754226,6.923669805,0.250775928,0.358103501,1.119654779,0.608649799,85.90989399,4.376128017,8.569935352,5.522419999,1.05707994,0.259665484,33.42978423
"132","RP",-5,"L","R",5,"L_R",0.432151356,2.861283926,0.694586967,0.507306372,11.1620717,0.363113187,0.442986227,1.577694713,0.698356871,0.797911164,0.299023887,0.206439083,1.157289081,0.343199151,0.888977044,0.445347439,0.500078266,0.802022953,3.763646044,0.436105928,5.615845448,0.488722136,0.555353595,1.268441919,0.299628782,30.30937932,2.257796583,4.639802232,1.399616271,0.862635196,0.334019022,19.61757861
"133","RP",-5,"L","R",6,"L_R",0.425979068,3.141972787,1.401457505,0.60674705,15.86388686,0.42748900975,0.944488537,1.408426908,0.99742593,0.357185177,0.101514039,0.286828186,1.384520892,0.668184385,0.538009633,0.19540257,0.387081118,1.505545901,5.7393133,0.469230545,4.917607845,0.315443507,0.462769073,0.952691099,0.324268284,69.60100197,2.573886986,6.031688396,1.9832428,1.379882945,0.165231327,29.58345415
"134","RP",-5,"L","R",7,"L_R",0.541098811,2.715190277,0.894794758,0.456486677,9.056346459,0.42748900975,0.664634368,1.186705839,0.884227338,0.380212692,0.095310657,0.290075641,1.477480138,0.552911965,0.57706537,0.154003498,0.391474562,0.921111065,5.452001497,0.447112642,4.906256379,0.202446902,0.370242783,1.00595356,0.36753232,38.09752896,2.16607086,5.241082385,1.009371995,0.81952303,0.119926948,24.58685234
"135","RP",-5,"L","R",8,"L_R",0.489075579,2.62747014,1.361075713,0.569793171,13.57153186,0.42748900975,1.20146679,1.78501099,0.933029477,0.327658549,0.119370921,0.150958774,1.562391204,0.619397634,0.604212531,0.2882873,0.453294324,1.386672583,4.966759235,0.557341937,6.500922824,0.321541352,0.53922535,1.011721721,0.8955834,34.30974318,4.739873237,10.37401699,8.866773488,0.732917995,0.243917285,30.05877463
"136","RP",-5,"H","D",1,"H_D",0.594508111,8.600821278,1.268769711,1.215066789,14.48447893,0.537796827,0.962510591,3.322822922,0.993929974,0.431342073,0.256414705,0.133922619,1.650522398,1.140755891,0.998055562,0.477497736,0.349058105,1.118365901,7.19736516,0.687442906,8.52962185,0.660803124,0.612763384,1.059180889,1.176947367,32.71447007,5.006036928,4.56448855,4.721381063,1.066162046,0.204654131,24.69388775
"137","RP",-5,"H","D",2,"H_D",0.474448187,9.148321048,1.478929525,1.346678624,16.17192374,0.624072627,1.030857641,3.174903769,1.411631163,1.071820736,0.548626897,0.207554799,1.700097588,1.26464985,0.6370372,0.578132672,0.353625997,1.025372386,6.218297047,0.931402767,5.166749974,0.950128535,0.948620046,0.879113,1.109484214,61.79336752,4.914581161,3.73913693,2.83319769,0.832906964,0.312063194,22.44202123
"138","RP",-5,"H","D",3,"H_D",0.54085208,11.3237175,1.606383045,1.292833717,8.933391309,0.511985672,1.048432185,3.495586369,1.289316628,0.92764708,0.529557436,0.216427752,1.523859129,1.079959733,0.48948943,0.639627843,0.368938301,0.92460603,5.356040972,0.992108106,9.488212731,0.842081635,0.834337457,0.746896543,0.962102131,66.91906858,5.981750118,3.942786376,4.13381051,0.687617218,0.321020553,23.80828889
"139","RP",-5,"H","D",4,"H_D",0.10070691,5.574349338,0.67524592,0.497282987,10.84867422,0.50166505325,0.53618909,1.660811912,1.311343802,0.26866927,0.011948331,0.092894374,1.076374077,0.681376245,0.165439615,0.286876476,0.100376914,1.648811767,5.202798317,0.366937927,5.233724453,0.610545126,0.576214662,0.4424522,0.601808614,46.11736811,5.407288749,7.71001655,2.032178644,1.731428374,0.133901629,21.03039794
"140","RP",-5,"H","D",5,"H_D",0.006149073,6.86446461,0.896067452,0.720427163,9.9863167,0.332805087,0.590248235,1.756729234,0.691590946,0.419823687,0.197730924,0.151388859,0.961622444,0.898329682,0.621162977,0.375467869,0.264902233,0.873376362,4.920270437,0.476162402,4.804711434,0.40701475,0.459858985,0.686772198,0.38505385,48.85093558,2.43907853,3.363346544,2.071207312,0.740172525,0.223374149,21.59386945
"141","RP",-5,"H","D",6,"H_D",0.035457437,4.702442862,0.50105167,0.428047629,9.029053751,0.50166505325,0.407903933,1.373230386,1.294135392,0.258107154,0.040684303,0.071761465,0.800730804,0.514736272,0.197791959,0.190176162,0.073115547,1.024964243,4.208220484,0.325862337,3.510765627,0.530490956,0.372931947,0.404941542,0.608503311,40.57154777,4.270799451,8.721207351,2.24513411,0.895147183,0.111004473,19.73977183
"142","RP",-5,"H","D",7,"H_D",0.221093744,6.165047669,0.667744505,0.691121268,9.950231545,0.50166505325,0.578525992,1.772608436,1.184420051,0.25457408,0.253151147714286,0.207811069,1.022665774,0.633186128,0.238672999,0.167815042,0.055008289,1.369450022,5.795701182,0.331215353,3.28362457,0.599876277,0.397318854,0.58974221,0.726486364,53.64777272,2.989439956,4.166324096,2.103753251,1.366430127,0.070428143,21.43504248
"143","RP",-5,"H","D",8,"H_D",0.342405165,6.814759825,0.857706819,0.72290392,13.62784461,0.50166505325,0.661350917,2.323341393,0.872040986,0.31591736,0.187095438,0.113894098,1.225131017,0.617286963,0.714803866,0.304257674,0.347134868,1.492236801,8.244334451,0.462830575,5.299883245,0.724894002,0.50753623,0.949591949,0.554000534,54.71936981,5.161388431,14.79450023,2.790739822,0.862523081,0.157009011,42.88999562
"144","RP",-5,"H","R",1,"H_R",0.444783095,4.189395099,1.842602046,0.431397349,20.7707083,1.304767817,0.941000867,5.637950781,0.902458503,0.667896691,0.314779994,0.419908057,2.039507623,1.217785754,1.563645448,0.729535194,0.934544982,1.051502902,6.880107957,1.370514513,15.33602048,0.722711264,0.750854923,1.648217937,0.337182458,20.79731496,8.238111235,5.62782485,2.539806926,1.695458256,0.263081119,26.92712021
"145","RP",-5,"H","R",2,"H_R",0.416885681,3.137566243,1.737735821,0.759799667,14.17949964,0.43791148,1.377511562,2.240922885,0.894422663,0.891872362,0.735836678,0.267988175,1.460545969,0.692344411,0.911280534,0.714805734,0.524041267,0.790984596,4.10851464,0.967679763,6.104229212,0.240355811,0.819614683,0.891186619,0.390641892,48.06306992,2.627896654,3.503205183,1.225713806,0.813972976,0.410131462,26.98680504
"146","RP",-5,"H","R",3,"H_R",1.717194192,4.188649385,2.245774263,0.923584352,16.15519497,0.624722697,1.469907549,2.157693031,1.01473383,1.266124436,0.990312197,0.367839488,1.824909046,0.908404165,1.290960299,0.938742851,0.664168543,1.094374875,4.652773477,1.206493656,7.035365471,0.34030515,1.11069299,1.181840766,0.513463306,55.50392949,3.896897086,4.849546903,1.191104664,1.14091993,0.546103697,20.9716417
"147","RP",-5,"H","R",4,"H_R",0.584475626,3.135224297,0.980159195,0.432797853,19.46249056,0.6662883795,0.793356465,2.176602696,1.177637252,0.462476856,0.155936304,0.147518124,1.334558197,0.424517688,0.730406349,0.440797692,0.244607502,1.521140372,5.418091849,0.526237606,5.141455636,0.182519287,0.33461543,1.013758183,0.184574836,40.92292677,4.013233393,7.998162048,1.644935115,1.236235002,0.192713622,34.66299707
"148","RP",-5,"H","R",5,"H_R",0.72244864,3.026536745,2.527413733,0.819848095,11.89791511,0.297751524,1.586283865,1.886392436,0.783780923,0.60308184,0.275100163,0.228302076,1.284850113,0.836210605,0.564885289,0.508213715,0.450961037,0.875730535,3.371774242,0.779631897,6.768112042,0.170333102,0.640680813,0.96346119,0.362471198,30.09838056,2.160004042,3.106046442,1.174705003,0.701933131,0.392435775,23.54736898
"149","RP",-5,"H","R",6,"H_R",0.713899258,5.35749506,0.90011226,0.803269332,28.87666049,0.6662883795,0.793089714,2.636251656,1.633834597,0.801832716,0.159739403,0.180878324,2.081651426,0.741735617,0.757911366,0.368398446,0.601933188,1.341128061,7.688936878,0.58240075,9.179458872,0.482125455,0.365270692,1.544796245,0.504259354,40.92292677,6.065060011,12.83939203,1.879035415,0.856039269,0.276552334,30.17882983
"150","RP",-5,"H","R",7,"H_R",1.275778937,2.704844952,0.490923241,0.593992673,20.29572489,0.6662883795,0.570000195,2.796036224,0.980339861,0.465250196,0.115782792,0.347317989,1.560559128,0.342203887,0.649777724,0.449821799,0.44566649,1.090812156,6.162667027,0.329045782,6.25893517,0.215041214,0.383132496,1.351115598,0.216473401,44.33248059,4.857363668,4.827361982,0.607714768,0.897027638,0.039813361,27.30131174
"151","RP",-5,"H","R",8,"H_R",0.79284433,5.578138367,5.941971848,1.215903145,14.05488445,0.6662883795,4.456862212,3.604948137,1.09498537,0.442839598,0.122712892,0.266341894,3.032778947,1.832852381,0.614814306,0.588576248,0.360555082,0.903203107,7.507316785,1.581310758,11.64928954,0.015348703,0.555532391,1.034281884,0.59818416,46.7423851,3.074471572,25.26776119,13.46631488,0.582537629,0.35289882,46.94321015
"152","RP",-5,"F","D",1,"F_D",1.383675529,5.728319851,0.871279916,0.970546187,13.21192611,0.291945841,0.817921965,2.73555649,0.767910577,0.590137595,0.345751652,0.299659308,1.290142375,0.785767476,0.871789965,0.594266314,0.656776956,1.199516132,4.65048447,0.728561164,6.187990351,0.185647006,0.790467576,1.267745967,0.931491596,30.1148182,3.962216996,2.853000203,3.142906988,0.88215832,0.446016463,32.90298109
"153","RP",-5,"F","D",2,"F_D",1.065845356,6.63799255,1.052842797,0.890643558,11.50629197,0.503805546,0.772820347,2.452633484,0.997437011,1.030470084,0.953892839,0.346428408,1.509214696,0.89326349,1.076425001,0.743249704,0.654859091,1.109457381,4.408890276,0.999035181,6.46857434,0.29282447,1.019737743,1.127272747,1.084288398,47.78525401,5.001461466,2.970089828,2.292818658,1.3717926,0.51797221,34.42586848
"154","RP",-5,"F","D",3,"F_D",4.146020408,7.106793359,1.097580686,0.924996836,9.750773733,0.565142648,0.861462315,2.727981857,1.117372031,1.022993765,1.175174037,0.434914058,1.590269208,1.104892946,1.269579073,0.909428984,0.77362429,1.238386149,3.982693438,1.249735786,7.866088825,0.304630324,1.375290641,1.38454981,1.199943859,50.34498349,5.858914189,3.708073068,2.849339994,1.137557806,0.69209608,38.04210521
"155","RP",-5,"F","D",4,"F_D",2.297240482,4.851388094,0.711376032,0.742069077,16.80134778,0.45607579625,0.862209619,2.756170942,0.493510592,0.39146235,0.120007608,0.249825852,1.539414188,0.741035521,0.962113531,0.505004868,0.617046488,1.045370607,5.56817384,0.540088463,3.825805223,0.073945246,0.552985569,1.167258736,0.48050939,67.42822755,4.608024659,8.979235467,1.34543931,0.914813422,0.340719235,31.50012199
"156","RP",-5,"F","D",5,"F_D",3.287642257,6.639949787,0.748612978,0.797536357,10.85764972,0.46340915,0.604789616,2.323398625,0.662977022,0.664301168,0.402643344,0.329245322,1.101527496,0.745169954,1.53666128,0.562634337,0.40391151,0.846589495,3.601685131,0.65760731,1.872370754,0.409130857,0.694629234,1.040823554,0.637035762,48.57294412,2.437270239,3.056314263,0.491164176,0.926178425,0.516900959,21.57502395
"157","RP",-5,"F","D",6,"F_D",1.035099932,4.784960838,1.09516554,0.713522264,14.70270801,0.45607579625,0.930023714,2.947172914,0.731695337,0.51130472,0.118717667,0.257427873,1.483089859,0.867142555,0.740131805,0.304174168,0.72344903,1.081965181,6.087915895,0.627707669,4.233604682,0.21837658,0.286972663,1.143962319,0.579216375,50.37205306,4.678656095,14.18077405,2.930466907,0.650395495,0.312945985,38.45978207
"158","RP",-5,"F","D",7,"F_D",0.734452521,4.654952302,0.763196988,0.847796856,11.44007351,0.45607579625,0.773638815,2.699916176,0.778235942,0.369944558,0.467311631285714,0.566211238,1.231873319,0.568194885,0.400066484,0.115227988,0.363264452,1.130843394,5.217460072,0.415926368,3.137874859,0.207243216,0.630515965,1.038250161,1.284208451,46.47203135,4.948378932,6.360866385,2.934580995,1.086001445,0.169747347,30.00259036
"159","RP",-5,"F","D",8,"F_D",1.095037043,5.550922981,0.960759425,0.703205499,15.69386127,0.45607579625,0.943626736,2.743107113,0.667627712,0.363876394,0.154994272,0.225232593,1.596676626,0.743286886,0.719207194,0.292266927,0.473126606,0.836928705,5.777175002,0.541673575,4.009305385,0.003113215,0.462966672,1.140445303,0.658562848,48.52106596,3.388703872,8.759285289,2.423446978,0.754938872,0.288400843,36.97909732
"160","RP",-5,"F","R",1,"F_R",0.84704393,3.359237379,1.391632051,0.627841614,13.66046331,0.389980839,1.046831844,2.168005143,0.707889275,0.742621324,0.25762438,0.160594759,1.116162187,0.592967482,0.890730428,0.410943581,0.491075375,0.900221814,4.895392189,0.636786201,6.120243739,0.257318779,0.40824992,1.017615363,0.420615189,31.41076283,2.123136257,3.906315939,3.606196087,0.719881564,0.270947213,24.99484943
"161","RP",-5,"F","R",2,"F_R",0.635046545,3.263788219,1.241636815,0.693523971,12.82441669,0.514718057,1.076115569,2.251486912,0.876301209,0.929938309,0.692459605,0.252848441,1.170540055,0.702306431,1.028769225,0.538986815,0.524984915,0.852976119,3.991038357,0.795723414,4.809300402,0.278872497,0.773988236,1.313933272,0.811096225,43.59244118,2.755949327,3.029713357,5.792398664,0.876205601,0.368639981,32.39534968
"162","RP",-5,"F","R",3,"F_R",1.979687975,4.731269681,1.97911894,0.961025145,13.37923627,0.722551185,1.834493292,3.083502647,0.986603543,1.254749647,0.232314173714286,0.393839908,1.615488615,1.134045319,1.312056644,0.818168217,0.748384488,0.884096552,4.41073595,1.355179491,8.301097419,0.271324963,1.113284583,1.311955141,0.751888843,54.74703129,3.113759171,2.951468541,4.125912282,1.040938194,0.615542881,35.75539801
"163","RP",-5,"F","R",4,"F_R",0.532816782,2.652933134,0.700111649,0.446360002,18.12039127,0.5052577535,0.783835506,1.650955151,0.857222397,0.484477279,0.172202757,0.139744941,1.37039885,0.533545095,0.842555505,0.423177386,0.335742232,1.284986697,6.03737062,0.501479629,4.756782672,0.11602187,0.645993211,1.245244631,0.452082697,72.61526974,4.621469159,11.97477721,1.939169036,0.871258775,0.212185294,30.23414325
"164","RP",-5,"F","R",5,"F_R",1.107062787,2.211708852,1.110460796,0.506480553,9.325291491,0.393780933,0.866846179,1.453179093,0.443679713,0.464589035,0.241276391,0.201730912,0.928363194,0.535881969,0.545811017,0.362392527,0.323792311,0.51578766,2.300197893,0.46602235,3.949907815,0.260573645,0.360179347,0.671423468,0.319206822,25.27994134,0.943956726,2.18378062,1.536449979,0.523902002,0.335142533,19.14914813
"165","RP",-5,"F","R",6,"F_R",0.593162683,2.966555717,1.280295601,0.620863506,14.22271191,0.5052577535,0.988738545,1.949672901,0.848753079,0.439268731,0.092860103,0.24793805,1.275394974,0.581948279,0.608383237,0.287033959,0.25253703,0.958932116,5.777115798,0.516452676,2.889326205,0.076329706,0.405076606,1.006859963,0.460114263,62.52009,2.118779258,6.427840931,2.688926196,1.167373173,0.137413328,31.58591417
"166","RP",-5,"F","R",7,"F_R",1.139316458,2.569309079,1.052674994,0.561557811,12.73137599,0.5052577535,0.864686096,1.491700332,0.579124909,0.257592035,0.039608832,0.307865684,1.370181367,0.598956823,0.585142855,0.252490566,0.498910747,0.856246276,5.440987075,0.505101608,4.229713035,0.105568463,0.356433437,0.713699073,0.841279403,29.89408147,3.185048126,4.84053983,2.893582408,0.824360494,0.165021738,26.58783253
"167","RP",-5,"F","R",8,"F_R",0.268072094,2.849541318,2.106042964,0.679869134,14.03578889,0.5052577535,1.701596057,2.124134685,0.856720944,0.36503294,0.130167148,0.129178277,1.483530148,0.891533199,0.580383003,0.339221933,0.310961854,1.210434041,5.63495354,0.626768223,5.499411727,0.17945105,0.216898931,0.854538526,0.412423808,58.09438471,2.813230784,13.22447233,3.187772701,1.039573499,0.182973852,32.02591529
